Stallion,Gait,Country 1 (AUS),Stud,Country 2 (NZ),Stud,Country 3 (USA),Stud,Country 4 (CA),Stud,Country 5 (FRA),Stud,Country 6 (SWE),Stud
A Rocknroll Dance,Pacer,Australia,Somerset Farms,New Zealand,Somerset Farms,,,,,,,,
Act Now,Pacer,Australia,Cobbitty Equine,New Zealand,Cobbitty Equine,,,,,,,,
Advance Attack,Pacer,Australia,Shanks Standardbreds,,,,,,,,,,
Aldebaran Zeus,Trotter,Australia,Aldebaran Park,,,,,,,,,,
All Bets Off,Pacer,Australia,Tourello Standardbreds,,,,,,,,,,
All Cashed Up,Trotter,,,New Zealand,Wai Eyre Farm,,,,,,,,
Always B Miki,Pacer,Australia,Alabar,New Zealand,Alabar,USA,Diamond Creek Farm of Pennsylvania,,,,,,
Always Ready,Trotter,Australia,Yabby Dam Farms,,,,,,,,,,
American Ideal,Pacer,,,New Zealand,Woodlands Stud,,,,,,,,
Art Major,Pacer,Australia,Alabar,New Zealand,Alabar,,,,,,,,
Auckland Reactor,Pacer,Australia,Yanko Lodge,,,,,,,,,,
Be Happy Mach,Pacer,Australia,Wingate Farm,,,,,,,,,,
Best in Show,Pacer,Australia,Cobbitty Equine,New Zealand,Cobbitty Equine,,,,,,,,
Bettor's Delight,Pacer,Australia,Woodlands Stud,New Zealand,Woodlands Stud,,,,,,,,
Bettors Wish,Pacer,Australia,Cobbitty Equine,New Zealand,Cobbitty Equine,,,,,,,,
Bit Of A Legend N,Pacer,,,,,USA,Clark Acres Equine,,,,,,
Bold Eagle,Trotter,Australia,Yabby Dam Farms,New Zealand,Yabby Dam Farms,,Stuteri Ab Lex,,,France,Haras de la Meslerie,Sweden,
Bonavista Bay,Pacer,,,New Zealand,Spurrs Stud,,,,,,,,
Boom Boom Hall,Pacer,,,New Zealand,Melton Stud,,,,,,,,
Booster Winner,Trotter,Australia,Yabby Dam Farms,New Zealand,Yabby Dam Farms,,Stall Viretaute,,,France,Haras du Cotentin,Sweden,
Brillantissime,Trotter,Australia,Yabby Dam Farms,New Zealand,Yabby Dam Farms,,,,,France,Haras de Bouttemont,Sweden,Stuteri Ab Lex
Bulldog Hanover,Pacer,Australia,Cobbitty Equine,New Zealand,Cobbitty Equine,USA,Hanover Shoe Farms,Canada,Winbak Farm of Canada,,,,
Calgary Games,Trotter,Australia,Aldebaran Park,,,,,,,,,,
Callmethebreeze,Trotter,Australia,Yabby Dam Farms,,,,,,,,,,
Cannibal,Pacer,Australia,Cobbitty Equine,New Zealand,Cobbitty Equine,USA,Diamond Creek Farm of Pennsylvania,,,,,,
Captain Ahab,Pacer,,,,,,,,,,,,
Captain Crunch,Pacer,Australia,Alabar,New Zealand,Alabar,,,,,,,,
Captains Knock,Pacer,Australia,Rampart Standardbreds,,,,,,,,,,
Captaintreacherous,Pacer,Australia,Empire Stallions,New Zealand,Empire Stallions,USA,Southwind Farms of New Jersey,Canada,Winbak Farm of Canada,,,,
Cardigan Boko,Trotter,Australia,Bellmoure Park,,,,,,,,,,
Caribbean Blaster,Pacer,Australia,Caribbean Lodge,,,,,,,,,,
Carlton,Trotter,,,New Zealand,Wai Eyre Farm,,,,,,,,
Catch The Fire,Pacer,Australia,Somerset Farms,New Zealand,Somerset Farms,USA,Diamond Creek Farm of Pennsylvania,,,,,,
Cattlewash,Pacer,Australia,Yirribee Pacing Stud,New Zealand,Yirribee Pacing Stud,USA,,Canada,,,,,
Centurion Atm,Trotter,Australia,Trump Bloodstock,,,USA,ATI Equine,,,,,,
Chapter Seven,Trotter,,,,,USA,Southwind Farms of New Jersey,Canada,Winbak Farm of Canada,,,Sweden,Stalleberga Stuteri
Chase Auckland,Pacer,,,New Zealand,Nevele R Stud,,,,,,,,
Classic Connection,Trotter,Australia,Yabby Dam Farms,New Zealand,Yabby Dam Farms,,,,,,,,
Colt Thirty One,Pacer,Australia,Egmont Park Stud,New Zealand,Egmont Park Stud,,,,,,,,
Confederate,Pacer,Australia,Cobbitty Equine,New Zealand,Cobbitty Equine,USA,Winbak Farm of Delaware,,,,,,
Copy That,Pacer,Australia,Murray Veterinary Services,New Zealand,Murray Veterinary Services,,,,,,,,
Creatine,Trotter,,,New Zealand,Nevele R Stud,,,,,,,,
Cullens Hope,Pacer,,,New Zealand,Howard Stud,,,,,,,,
Dancinginthedark M,Trotter,Australia,Aldebaran Park,,,,,,,,,,
Downbytheseaside,Pacer,Australia,Woodlands Stud,New Zealand,Woodlands Stud,USA,Diamond Creek Farm of Pennsylvania,Canada,Winbak Farm of Canada,,,,
E L Titan,Trotter,Australia,Yabby Dam Farms,New Zealand,Yabby Dam Farms,,,,,,,,
Ecurie D,Trotter,Australia,Yabby Dam Farms,New Zealand,Yabby Dam Farms,USA,Diamond Creek Farm of Pennsylvania,Canada,Winbak Farm of Canada,,,,
Eds Dream,Trotter,,,New Zealand,Hawaiki Stud,,,,,,,,
Elite Stride,Trotter,Australia,Alabar,New Zealand,Alabar,,,,,,,,
Enchauffour,Trotter,,,New Zealand,Yabby Dam Farms,,,,,,,,
Expensive Ego,Pacer,Australia,Cobbitty Equine,New Zealand,Cobbitty Equine,,,,,,,,
Fast As The Wind,Trotter,Australia,Wingate Farm,,,,,,,,,,
Father Nuno,Pacer,Australia,Wingate Farm,,,,,,,,,,
Father Patrick,Trotter,Australia,Nevele R Stud,New Zealand,Nevele R Stud,USA,Hanover Shoe Farms,Canada,Winbak Farm of Canada,,,Sweden,Stalleberga Stuteri
Fear The Dragon,Pacer,,,,,USA,Diamond Creek Farm of Pennsylvania,Canada,Winbak Farm of Canada,,,,
Fly Like An Eagle,Pacer,Australia,Allwood Stud Farm,,,,,,,,,,
Follow The Stars,Pacer,Australia,Allwood Stud Farm,,,,,,,,,,
For a Reason,Pacer,Australia,Cobbitty Equine,New Zealand,Cobbitty Equine,,,,,,,,
Foreclosure,Pacer,Australia,Ktc Bloodstock,,,,,,,,,,
Gimpanzee,Trotter,Australia,Cobbitty Equine,New Zealand,Cobbitty Equine,USA,Diamond Creek Farm of Pennsylvania,,,,,,
Goodtime Sammy,Pacer,Australia,Spurrs Stud,,,,,,,,,,
Gotta Go Cullect,Pacer,Australia,Bellmoure Park,,,,,,,,,,
Gotta Go Cullen,Pacer,,,New Zealand,Howard Stud,,,,,,,,
Guaranteed,Pacer,Australia,Artistic Lodge,,,,,,,,,,
Habibi Inta,Trotter,,,New Zealand,Phoebe Standradbreds,,,,,,,,
Helpisontheway,Trotter,Australia,Balmain Lodge,,,,,,,,,,
Highview Tommy,Pacer,Australia,Yanko Lodge,,,,,,,,,,
Huntsville,Pacer,Australia,Cobbitty Equine,New Zealand,Cobbitty Equine,USA,Diamond Creek Farm of Pennsylvania,Canada,Winbak Farm of Canada,,,,
Il Vicolo,Trotter,,,New Zealand,Nevele R Stud,,,,,,,,
Imperial Count,Trotter,Australia,Bellmoure Park,,,,,,,,,,
In Range,Trotter,Australia,Yabby Dam Farms,New Zealand,Yabby Dam Farms,USA,Hanover Shoe Farms,Canada,Winbak Farm of Canada,,,,
Johnny Rock,Pacer,,,New Zealand,Nevele R Stud,,,,,,,,
King Of Swing,Pacer,Australia,Cobbitty Equine,New Zealand,Cobbitty Equine,,,,,,,,
King of the North,Trotter,Australia,Llowalong Farms,New Zealand,Llowalong Farms,,,,,,,,
Krug,Pacer,,,New Zealand,Phoebe Standradbreds,,,,,,,,
Kvintet Avenger,Trotter,Australia,Truscott Lodge,,,,,,,,,,
Lather Up,Pacer,Australia,Woodlands Stud,New Zealand,Woodlands Stud,,,,,,,,
Lazarus,Pacer,,,New Zealand,Wai Eyre Farm,,,,,,,,
Legendary Hanover,Pacer,Australia,Rampart Standardbreds,,,USA,Hanover Shoe Farms,,,,,Sweden,Stalleberga Stuteri
Lennytheshark,Pacer,Australia,Tourello Standardbreds,,,,,,,,,,
Locharburn,Pacer,,,New Zealand,Phoebe Standradbreds,,,,,,,,
Louprint,Pacer,,,,,USA,Winbak Farm of Maryland,Canada,Winbak Farm of Canada,,,,
Lou's Pearlman,Pacer,Australia,Tourello Standardbreds,,,,,,,,,,
Love You,Trotter,,,,,,,,,France,Haras de Sassy,Sweden,Stuteri Ab Lex
Maharajah,Trotter,Australia,Aldebaran Park,,,,,,,,,,
Majestic Son,Trotter,Australia,Alabar,New Zealand,Alabar,,,Canada,Seelster Farms,,,,
Major Secret,Pacer,Australia,Allenby Lodge Stud,,,,,,,,,,
Marcoola,Trotter,,,New Zealand,Nevele R Stud,,,,,,,,
Merlin,Pacer,Australia,Alabar,New Zealand,,,,,,,,,
Metropolitan,Pacer,Australia,Tourello Standardbreds,,,,,,,,,,
Modern Art,Pacer,Australia,Lochend Stud,,,,,,,,,,
Monkey Bones,Trotter,,,New Zealand,Breckon Farms,,,,,,,,
Monte Miki,Pacer,Australia,Rampart Standardbreds,,,USA,Diamond Creek Farm of Pennsylvania,Canada,Winbak Farm of Canada,,,,
Mr Feelgood,Pacer,Australia,Tourello Standardbreds,,,,,,,,,,
Muscle Hill,Trotter,Australia,Stallions Australasia Pty Ltd,,,USA,Hanover Shoe Farms,Canada,Winbak Farm of Canada,,,Sweden,Stalleberga Stuteri
Muscle M Up,Trotter,Australia,Medowie Lodge,,,,,,,,,,
Muscle Mass,Trotter,,,,,USA,Kentuckiana Farms,Canada,Winbak Farm of Canada,,,Sweden,Stalleberga Stuteri
MY CHACHING CHACHING,Pacer,Australia,Medowie Lodge,,,,,,,,,,
My General Lee,Pacer,Australia,Bellmoure Park,,,,,,,,,,
My High Expectations,Trotter,Australia,Medowie Lodge,,,,,,,,,,
Nativesdunandusted,Pacer,Australia,Buckskin Standardbreds,,,,,,,,,,
Ninjinsky,Pacer,Australia,Yirribee Pacing Stud,New Zealand,Yirribee Pacing Stud,USA,,Canada,,,,,
On a Streak,Trotter,Australia,Yabby Dam Farms,New Zealand,Wai Eyre Farm,,,,,,,,
One Over Da Moon,Trotter,,,New Zealand,Breckon Farms,,,,,,,,
Orlando Vici,Trotter,Australia,Yabby Dam Farms,New Zealand,Yabby Dam Farms,,,Canada,Seelster Farms,France,Haras de Bouttemont,Sweden,Stuteri Ab Lex
Oscar Bonavena,Trotter,,,New Zealand,Equibreed,,,,,,,,
Panorama Swing,Pacer,Australia,Dream Lodge,,,,,,,,,,
Pastor Stephen,Trotter,Australia,Llowalong Farms,New Zealand,Llowalong Farms,,,,,,,,
Peak,Trotter,,,New Zealand,Bellmoure Park,,,,,,,,
Pebble Beach,Pacer,Australia,Alabar,New Zealand,Alabar,USA,Diamond Creek Farm of Pennsylvania,Canada,Winbak Farm of Canada,,,,
Perfect Sting,Pacer,Australia,Cobbitty Equine,New Zealand,Cobbitty Equine,USA,,,,,,,
Poster Boy,Pacer,Australia,Llowalong Farms,New Zealand,Llowalong Farms,,,,,,,,
Propulsion,Trotter,Australia,Trump Bloodstock,,,,,,,,,,
Quaker Jet,Trotter,,,,,,,,,France,Haras de Bouttemont,Sweden,Stuteri Ab Lex
R Eleven,Pacer,,,New Zealand,Hawaiki Stud,,,,,,,,
Raging Bull,Pacer,Australia,Llowalong Farms,New Zealand,Llowalong Farms,,,,,,,,
Ready Cash,Trotter,,,,,,,,,France,Haras de Bouttemont,Sweden,Stuteri Ab Lex
Renaissance Man,Pacer,Australia,Woodanookie Pacing Stud,,,,,,,,,,
Ride High,Pacer,Australia,Alabar,New Zealand,Alabar,,,,,,,,
Rock N Roll Heaven,Pacer,Australia,Alabar,New Zealand,Alabar,,,Canada,Seelster Farms,,,Sweden,Stalleberga Stuteri
Rock N Roll World,Pacer,Australia,Allwood Stud Farm,,,,,,,,,,
Royal Aspirations,Trotter,,,New Zealand,Phoebe Standradbreds,,,,,,,,
School Captain,Pacer,Australia,Cobbitty Equine,New Zealand,Cobbitty Equine,,,,,,,,
Sebastian K,Trotter,Australia,Trump Bloodstock,,,,,,,,,,
Shockwave,Pacer,Australia,Bells Pacing Stable,,,,,,,,,,
Shoobees Place,Pacer,Australia,Smithdale Farm,,,,,,,,,,
Sir Lincoln,Pacer,,,New Zealand,Alabar NZ,,,,,,,,
Six Pack,Trotter,,,New Zealand,Macca Lodge,USA,Cameo Hills Farm,,,,,Sweden,Stall Six
Skyvalley,Trotter,Australia,Aldebaran Park,,,,,,,,,,
Smiling Shard,Pacer,Australia,Tourello Standardbreds,,,,,,,,,,
Soho Lanikai,Pacer,Australia,Medowie Lodge,,,,,,,,,,
Soho Tribeca,Pacer,Australia,Cobbitty Equine,New Zealand,Cobbitty Equine,,,,,,,,
Speeding Spur,Trotter,Australia,Woodlands Stud,New Zealand,Woodlands Stud,,,,,,,,
Stay Hungry,Pacer,Australia,Empire Stallions,New Zealand,Empire Stallions,USA,Diamond Creek Farm of Pennsylvania,Canada,Winbak Farm of Canada,,,Sweden,Stalleberga Stuteri
Stonebridge Regal,Pacer,Australia,Elderslie Horse Care And Spelling,,,,,,,,,,
Summa Cum Laude,Trotter,Australia,Tourello Standardbreds,,,,,,,,,,
Sundons Courage,Trotter,Australia,Truscott Lodge,,,,,,,,,,
Sutter Hanover,Pacer,Australia,Elderslie Horse Care And Spelling,,,,,,,,,,
Swan For All,Trotter,,,,,USA,Kentuckiana Farms,Canada,Winbak Farm of Canada,,,Sweden,Stalleberga Stuteri
Sweet Lou,Pacer,Australia,Woodlands Stud,New Zealand,Woodlands Stud,USA,Diamond Creek Farm of Pennsylvania,Canada,Winbak Farm of Canada,,,Sweden,Stalleberga Stuteri
T C I,Pacer,,,,,USA,Cameo Hills Farm,,,,,,
Tactical Approach,Trotter,Australia,Alabar,New Zealand,Alabar,USA,Hanover Shoe Farms,,,,,,
Tactical Landing,Trotter,,,New Zealand,Dancing On Moonlight,USA,Hanover Shoe Farms,Canada,Winbak Farm of Canada,,,Sweden,Stalleberga Stuteri
Tattoo Artist,Trotter,,,New Zealand,Dancing On Moonlight,USA,Frozen semen handled by Rood & Riddle Equine Hospital,Canada,Meridian Farm,,,,
Terror to Love,Pacer,,,New Zealand,Pinelea Farm,,,,,,,,
The Storm Inside,Pacer,Australia,Alabar,New Zealand,Alabar,,,,,,,,
Tiger Tara,Pacer,Australia,Medowie Lodge,,,,,,,,,,
Timoko,Trotter,,,,,,,,,France,Haras de Bouttemont,Sweden,Stuteri Ab Lex
Timothy Red,Trotter,Australia,Medowie Lodge,,,,,,,,,,
Tintin In America,Pacer,Australia,Wingate Farm,,,,,,,,,,
Trixton,Trotter,Australia,Stallions Australasia Pty Ltd,,,USA,Hanover Shoe Farms,Canada,Winbak Farm of Canada,,,Sweden,Stalleberga Stuteri
Ultimate Machete,Pacer,,,New Zealand,,,,,,,,,
Ultimate Sniper,Pacer,Australia,Allwood Stud Farm,New Zealand,Allwood Stud Farm,,,,,,,,
US Captain,Pacer,,,New Zealand,Wai Eyre Farm,,,,,,,,
Used To Me,Trotter,Australia,Yabby Dam Farms,,,,,,,,,,
Village Jolt,Pacer,Australia,Lochend Stud,,,,,,,,,,
Village Mystic,Trotter,Australia,Yabby Dam Farms,New Zealand,Yabby Dam Farms,,Stuteri Ab Lex,,,France,Haras de Bouttemont,Sweden,
Vincent,Pacer,Australia,Alabar,New Zealand,Alabar,,,,,,,,
Volstead,Trotter,Australia,Alabar,New Zealand,Alabar,USA,Hanover Shoe Farms,Canada,Winbak Farm of Canada,,,,
Walner,Trotter,Australia,Yabby Dam Farms,New Zealand,Yabby Dam Farms,USA,Hanover Shoe Farms,Canada,Winbak Farm of Canada,,,Sweden,Stalleberga Stuteri
Warrawee Needy,Pacer,Australia,Yirribee Pacing Stud,New Zealand,Yirribee Pacing Stud,,,,,,,,
Well Said,Pacer,,,,,USA,Hanover Shoe Farms,Canada,Winbak Farm of Canada,,,Sweden,Stalleberga Stuteri
Wesley,Pacer,,,New Zealand,Wall Pacing Stables,,,,,,,,
What The Hill,Trotter,Australia,Woodlands Stud,New Zealand,Woodlands Stud,USA,Hanover Shoe Farms,,,,,Sweden,Stalleberga Stuteri
Winners Bet,Trotter,Australia,Yabby Dam Farms,New Zealand,Yabby Dam Farms,USA,Diamond Creek Farm of Pennsylvania,Canada,Winbak Farm of Canada,,,,
Yankee Rockstar,Pacer,Australia,Llowalong Farms,New Zealand,Llowalong Farms,,,,,,,,
Zenith Stride,Trotter,,,New Zealand,Alabar NZ,,,,,,,,
Zeuss Bromac,Pacer,Australia,Yanko Lodge,,,,,,,,,,
Zirconium,Trotter,Australia,Medowie Lodge,,,,,,,,,,
